City_ID,City,Lat,Lng,Max Temp,Humidity,Cloudiness,Wind Speed,Country,Date
0,dzilam gonzalez,21.2833,-88.9333,27.04,87,4,6.68,MX,1689094836
1,trstena,49.361,19.6125,21.07,66,13,1.3,SK,1689094840
2,chipinge,-20.1883,32.6236,8.5,88,100,2.11,ZW,1689094841
3,mlandizi,-6.7,38.7333,23.32,87,97,1.01,TZ,1689094841
4,demirci,39.0461,28.6589,21.98,48,0,2.85,TR,1689094842
5,alofi,-19.0595,-169.9187,22.94,94,6,2.57,NU,1689094703
6,mataura,-46.1927,168.8643,3.96,94,64,4.35,NZ,1689094601
7,torbay,47.6666,-52.7314,16.2,96,100,5.14,CA,1689094796
8,hobart,-42.8794,147.3294,12.9,72,75,2.06,AU,1689094593
9,male,4.1748,73.5089,28.97,79,75,3.6,MV,1689094805
10,albany,42.6001,-73.9662,29.38,64,2,0.45,US,1689094468
11,yeppoon,-23.1333,150.7333,15.88,95,0,1.66,AU,1689094846
12,provideniya,64.3833,-173.3,10.72,76,77,2.93,RU,1689094682
13,severo-kurilsk,50.6789,156.125,9.86,79,46,2.54,RU,1689094620
14,zharkovskiy,55.849,32.2697,13.94,63,100,1.88,RU,1689094847
15,kodiak,57.79,-152.4072,9.73,93,100,0.0,US,1689094657
16,marawi,7.9986,124.2928,21.11,95,99,2.27,PH,1689094848
17,lorengau,-2.0226,147.2712,27.22,82,97,4.38,PG,1689094614
18,vostok,46.4856,135.8833,14.33,99,100,1.83,RU,1689094698
19,georgetown,5.4112,100.3354,27.23,85,20,0.0,MY,1689094735
20,hermanus,-34.4187,19.2345,11.0,72,0,3.35,ZA,1689094632
21,cidreira,-30.1811,-50.2056,17.33,76,100,4.92,BR,1689094677
22,swift current,50.2834,-107.8014,14.45,82,75,6.17,CA,1689094769
23,punta arenas,-53.15,-70.9167,2.06,87,75,3.09,CL,1689094583
24,amarante do maranhao,-5.5667,-46.7422,35.5,28,0,2.49,BR,1689094852
25,dingle,10.9995,122.6711,24.82,90,94,0.68,PH,1689094608
26,alghero,40.5589,8.3181,33.05,46,0,2.57,IT,1689094853
27,abapo,-18.8333,-63.4667,30.8,37,49,2.25,BO,1689094854
28,inuvik,68.3499,-133.7218,24.42,56,75,2.06,CA,1689094624
29,hobyo,5.3505,48.5268,26.07,78,38,12.54,SO,1689094855
30,norman wells,65.282,-126.8329,20.02,64,100,3.09,CA,1689094637
31,aleksandrov gay,50.147,48.5704,20.4,57,100,7.37,RU,1689094856
32,vila velha,-20.3297,-40.2925,28.97,73,0,3.09,BR,1689094704
33,ribeira grande,38.5167,-28.7,22.22,94,75,4.02,PT,1689094613
34,skwierzyna,52.5991,15.5065,27.17,36,75,1.27,PL,1689094746
35,conde,-7.2597,-34.9075,28.7,65,40,6.17,BR,1689094600
36,kapaa,22.0752,-159.319,24.18,90,100,6.69,US,1689094655
37,surt,31.2089,16.5887,26.79,62,0,5.45,LY,1689094858
38,bambous virieux,-20.3428,57.7575,21.79,70,3,2.38,MU,1689094517
39,kruisfontein,-34.0033,24.7314,9.94,79,1,0.24,ZA,1689094859
40,east london,-33.0153,27.9116,12.52,76,0,2.57,ZA,1689094655
41,voh,-20.9667,164.7,16.8,71,15,1.65,NC,1689094638
42,manggar,-2.8833,108.2667,26.45,81,20,3.25,ID,1689094861
43,port elizabeth,-33.918,25.5701,12.16,81,0,2.06,ZA,1689094696
44,berlin,52.5244,13.4105,31.03,42,0,3.6,DE,1689094548
45,arraial do cabo,-22.9661,-42.0278,29.98,57,0,3.09,BR,1689094721
46,suntar,62.1444,117.6319,17.97,85,46,3.6,RU,1689094863
47,chokurdakh,70.6333,147.9167,9.66,70,99,5.91,RU,1689094688
48,chuy,-33.6971,-53.4616,11.92,61,4,4.84,UY,1689094692
49,palmer,42.1584,-72.3287,29.79,55,40,3.09,US,1689094652
50,bredasdorp,-34.5322,20.0403,8.38,78,1,1.69,ZA,1689094641
51,lyaskelya,61.7667,31.0167,18.25,51,20,1.86,RU,1689094867
52,oparino,59.8518,48.2783,13.12,98,100,4.67,RU,1689094868
53,ushuaia,-54.8,-68.3,2.81,75,20,0.51,AR,1689094873
54,victoria,22.2855,114.1577,31.22,80,3,3.58,HK,1689094624
55,saldanha,-33.0117,17.9442,13.03,69,0,3.2,ZA,1689094748
56,mount isa,-20.7333,139.5,10.87,71,0,0.51,AU,1689094875
57,sobolevo,54.4299,31.8996,14.04,63,96,2.52,RU,1689094876
58,warrington,53.3925,-2.5802,19.45,77,40,5.66,GB,1689094670
59,bluff,-46.6,168.3333,6.43,69,79,13.38,NZ,1689094632
60,dauriya,49.9333,116.8667,19.6,45,73,2.5,RU,1689094877
61,jamestown,42.097,-79.2353,28.34,48,0,6.26,US,1689094636
62,lagoa,39.05,-27.9833,20.51,90,100,7.31,PT,1689094735
63,mae ramat,16.984,98.5166,23.16,96,100,0.87,TH,1689094879
64,qaanaaq,77.484,-69.3632,2.17,99,100,1.5,GL,1689094671
65,hithadhoo,-0.6,73.0833,27.69,70,62,1.71,MV,1689094672
66,laguna,38.421,-121.4238,30.56,46,0,2.57,US,1689094784
67,tiradentes,-21.1103,-44.1781,26.23,29,10,3.04,BR,1689094881
68,busselton,-33.65,115.3333,16.39,84,16,7.01,AU,1689094619
69,saskylakh,71.9167,114.0833,11.73,59,100,2.81,RU,1689094765
70,rikitea,-23.1203,-134.9692,22.75,68,17,6.13,PF,1689094610
71,inhambane,-23.865,35.3833,19.39,55,82,7.93,MZ,1689094789
72,aripuana,-9.1667,-60.6333,36.94,19,0,1.52,BR,1689094723
73,kaitangata,-46.2817,169.8464,5.68,92,79,5.95,NZ,1689094622
74,sorong,-0.8833,131.25,25.41,89,95,5.05,ID,1689094884
75,naze,28.3667,129.4833,26.51,84,94,4.89,JP,1689094885
76,vestmannaeyjar,63.4427,-20.2734,13.55,76,20,6.17,IS,1689094885
77,pevek,69.7008,170.3133,1.1,89,100,1.75,RU,1689094678
78,la romana,18.4273,-68.9728,33.2,62,40,5.14,DO,1689094720
79,cabo san lucas,22.8909,-109.9124,33.67,71,43,1.79,MX,1689094800
80,najran,17.4924,44.1277,36.36,12,100,2.45,SA,1689094887
81,prince rupert,54.3161,-130.3201,12.05,87,100,2.57,CA,1689094797
82,karpogory,64.0019,44.4451,16.67,41,87,4.32,RU,1689094890
83,port alfred,-33.5906,26.891,13.54,75,4,4.38,ZA,1689094689
84,new norfolk,-42.7826,147.0587,12.71,84,95,2.04,AU,1689094694
85,klaksvik,62.2266,-6.589,12.51,96,66,4.69,FO,1689094792
86,gimli,50.6336,-96.9907,17.01,63,9,5.66,CA,1689094683
87,hamilton,39.1834,-84.5333,30.36,51,40,4.12,US,1689094365
88,thinadhoo,0.5333,72.9333,27.88,72,19,2.02,MV,1689094896
89,bengkulu,-3.8004,102.2655,24.22,91,98,1.92,ID,1689094698
90,abu samrah,35.3029,37.1841,31.34,15,0,3.73,SY,1689094898
91,springfield,37.2153,-93.2982,28.84,67,2,1.34,US,1689094804
92,cape town,-33.9258,18.4232,13.23,65,0,3.09,ZA,1689094607
93,dikson,73.5069,80.5464,0.1,87,100,9.77,RU,1689094705
94,meyzieu,45.7667,5.0,34.26,33,0,11.83,FR,1689094804
95,faanui,-16.4833,-151.75,26.62,70,35,9.03,PF,1689094677
96,bridlington,54.0831,-0.1919,19.05,77,100,3.58,GB,1689094901
97,mar del plata,-38.0023,-57.5575,11.72,74,75,4.63,AR,1689094404
98,tuktoyaktuk,69.4541,-133.0374,16.0,88,75,3.09,CA,1689094644
99,jiuquan,39.7432,98.5174,16.62,86,100,4.04,CN,1689094903
100,vaini,-21.2,-175.2,19.09,82,20,2.06,TO,1689094604
101,isla mujeres,21.2311,-86.731,32.03,71,29,4.22,MX,1689094905
102,carnarvon,-24.8667,113.6333,16.99,77,0,6.42,AU,1689094693
103,rabat,33.9911,-6.8401,31.69,76,0,3.09,MA,1689094777
104,stawell,-37.05,142.7667,10.74,81,94,2.09,AU,1689094907
105,barrow,71.2906,-156.7887,8.01,100,100,1.54,US,1689094501
106,cap malheureux,-19.9842,57.6142,21.93,72,2,0.45,MU,1689094908
107,kabinda,-6.1333,24.4833,27.36,33,43,1.04,CD,1689094908
108,geraldton,-28.7667,114.6,8.23,93,40,5.14,AU,1689094909
109,yashalta,46.3395,42.2762,17.78,79,94,5.85,RU,1689094909
110,bisira,8.5196,-81.7115,20.77,78,98,1.77,PA,1689094910
111,lucapa,-8.4192,20.7447,24.21,25,3,2.04,AO,1689094910
112,gamba,-2.65,10.0,21.97,85,90,3.07,GA,1689094478
113,koumac,-20.5667,164.2833,19.13,70,40,3.55,NC,1689094911
114,portobelo,9.55,-79.65,26.66,86,100,2.57,PA,1689094912
115,yellowknife,62.456,-114.3525,19.29,48,20,3.6,CA,1689094669
116,sur,22.5667,59.5289,31.66,61,7,6.62,OM,1689094777
117,iqaluit,63.7506,-68.5145,7.85,100,100,1.54,CA,1689094578
118,mahebourg,-20.4081,57.7,21.81,69,12,2.59,MU,1689094621
119,nova olimpia,-14.7972,-57.2881,37.17,15,1,2.2,BR,1689094914
120,butaritari,3.0707,172.7902,27.46,79,13,2.69,KI,1689094914
121,tra vinh,9.9347,106.3453,25.55,90,74,2.88,VN,1689094915
122,goderich,43.7501,-81.7165,23.84,73,79,6.17,CA,1689094915
123,nikolskoye,59.7035,30.7861,18.94,57,39,2.21,RU,1689094676
124,hilo,19.7297,-155.09,24.04,94,100,3.6,US,1689094694
125,puerto ayora,-0.7393,-90.3518,28.98,87,95,3.58,EC,1689094616
126,barnova,47.0667,27.6167,21.75,76,24,3.09,RO,1689094917
127,san cristobal,7.7669,-72.225,27.1,65,51,2.99,VE,1689094673
128,rosarito,32.3333,-117.0333,28.13,65,0,2.79,MX,1689094918
129,te anau,-45.4167,167.7167,4.77,85,98,2.67,NZ,1689094919
130,ciro marina,39.3732,17.126,28.83,52,0,4.29,IT,1689094924
131,bubaque,11.2833,-15.8333,25.94,80,100,1.82,GW,1689094757
132,los llanos de aridane,28.6585,-17.9182,24.86,69,0,7.2,ES,1689094612
133,saint-philippe,-21.3585,55.7679,20.77,76,34,1.73,RE,1689094653
134,nyurba,63.2842,118.3319,18.08,84,41,4.09,RU,1689094927
135,lebu,-37.6167,-73.65,9.44,73,100,0.96,CL,1689094639
136,loreto,22.2667,-101.9667,24.12,46,16,1.65,MX,1689094431
137,cayenne,4.9333,-52.3333,31.02,62,40,6.69,GF,1689094929
138,petropavlovsk-kamchatskiy,53.0452,158.6483,6.33,100,40,0.0,RU,1689094709
139,bonavista,48.6499,-53.1147,12.74,91,92,5.71,CA,1689094662
140,tiksi,71.6872,128.8694,3.76,90,100,2.79,RU,1689094640
141,mitsamiouli,-11.3847,43.2844,26.16,73,20,6.17,KM,1689094931
142,seoul,37.5683,126.9778,22.76,97,75,2.06,KR,1689094855
143,marsh harbour,26.5412,-77.0636,29.46,69,28,3.22,BS,1689094805
144,saint-pierre,-21.3393,55.4781,20.82,73,0,1.54,RE,1689094727
145,zyryanka,65.75,150.85,8.19,67,47,4.36,RU,1689094934
146,belvedere marittimo,39.6179,15.8617,33.95,62,0,0.69,IT,1689094934
147,luau,-10.7073,22.2247,19.87,24,5,2.81,AO,1689094935
148,roma,43.2128,-75.4557,28.79,62,5,1.34,US,1689094641
149,murree,33.9073,73.393,21.25,48,3,1.72,PK,1689094936
150,khatanga,71.9667,102.5,10.88,54,98,4.63,RU,1689094635
151,esperance,-33.8667,121.9,12.99,69,0,6.84,AU,1689094691
152,pandan,14.0453,124.1694,27.35,86,98,1.36,PH,1689094938
153,avarua,-21.2078,-159.775,25.03,88,40,5.66,CK,1689094601
154,miri,4.4148,114.0089,27.08,89,40,0.51,MY,1689094939
155,dakar,14.6937,-17.4441,32.49,79,40,3.09,SN,1689094800
156,ossora,59.2353,163.0719,9.59,98,100,3.88,RU,1689094940
157,yatou,37.15,122.3833,22.96,95,4,0.94,CN,1689094941
158,longyearbyen,78.2186,15.6401,7.91,71,75,5.14,SJ,1689094640
159,awjilah,29.1081,21.2869,34.33,13,0,4.17,LY,1689094942
160,guarapari,-20.6667,-40.4975,28.27,65,7,2.57,BR,1689094942
161,toora-khem,52.4675,96.11,12.63,98,100,1.36,RU,1689094943
162,talnakh,69.4865,88.3972,8.45,64,100,5.33,RU,1689094603
163,bethel,41.3712,-73.414,30.41,58,0,2.06,US,1689094444
164,saint-leu,-21.15,55.2833,20.48,76,51,0.13,RE,1689094818
165,fortuna,40.5982,-124.1573,13.88,94,100,2.06,US,1689094805
166,sovetskiy,61.3614,63.5842,14.96,74,99,2.53,RU,1689094946
167,amga,60.8953,131.9608,18.33,63,99,1.54,RU,1689094946
168,quatre cocos,-20.2078,57.7625,21.72,71,4,2.36,MU,1689094606
169,ostrovnoy,68.0531,39.5131,14.01,68,11,3.99,RU,1689094656
170,ous,60.9058,61.5186,17.31,75,98,3.06,RU,1689094948
171,shelburne,44.0787,-80.2041,27.64,51,53,7.27,CA,1689094948
172,kidal,18.4411,1.4078,41.08,7,45,6.52,ML,1689094949
173,timberlake,37.3207,-79.2575,30.5,44,0,2.57,US,1689094950
174,promyshlennaya,54.9159,85.6385,20.53,95,84,2.81,RU,1689094950
175,tasiilaq,65.6145,-37.6368,4.78,83,96,0.93,GL,1689094633
176,poum,-20.2333,164.0167,21.72,64,94,5.6,NC,1689094951
177,wanning,18.8003,110.3967,27.41,86,0,3.9,CN,1689094952
178,svetlogorsk,52.6333,29.7333,15.95,66,75,1.73,BY,1689094952
179,hambantota,6.1241,81.1185,26.55,83,100,7.97,LK,1689094603
180,itambacuri,-18.0311,-41.685,32.87,30,0,1.07,BR,1689094953
181,teguldet,57.3064,88.1667,16.63,69,81,1.7,RU,1689094954
182,andenes,69.3143,16.1194,13.85,82,0,3.6,NO,1689094955
183,predivinsk,57.0669,93.4378,16.12,96,94,1.78,RU,1689094955
184,touros,-5.1989,-35.4608,28.65,61,4,7.69,BR,1689094563
185,dong hoi,17.4833,106.6,27.53,79,3,2.53,VN,1689094956
186,clyde river,70.4692,-68.5914,5.13,93,20,4.12,CA,1689094726
187,upernavik,72.7868,-56.1549,4.76,94,94,3.87,GL,1689094733
188,cocobeach,1.0002,9.5823,24.96,81,92,4.82,GA,1689094958
189,srednekolymsk,67.45,153.6833,10.65,60,100,3.16,RU,1689094958
190,svay rieng,11.0879,105.7993,27.21,79,43,3.98,KH,1689094959
191,la maddalena,41.2142,9.4083,32.03,73,2,5.69,IT,1689094960
192,akyab,20.15,92.9,27.07,87,92,4.68,MM,1689094961
193,paray-le-monial,46.4546,4.1158,31.97,51,55,5.14,FR,1689094962
194,pilar,-9.5972,-35.9567,26.96,71,36,4.05,BR,1689094686
195,kyela,-9.5833,33.85,21.58,86,31,0.91,TZ,1689094962
196,airai,-8.9266,125.4092,14.67,96,96,1.66,TL,1689094642
197,rongcheng,30.634,117.8517,27.32,76,72,1.98,CN,1689094963
198,cooma,-36.2333,149.1333,1.97,93,0,0.96,AU,1689094964
199,camana,-16.6228,-72.7111,18.63,78,99,3.32,PE,1689094965
200,dandong,40.1292,124.3947,20.58,96,8,0.15,CN,1689094965
201,tommot,58.9564,126.2925,18.31,72,99,1.04,RU,1689094966
202,dukat,62.55,155.55,4.93,90,99,1.69,RU,1689094967
203,chapais,49.7834,-74.8492,21.88,49,100,4.63,CA,1689094967
204,konevo,62.1215,39.3192,16.1,50,100,3.37,RU,1689094968
205,nuuk,64.1835,-51.7216,8.82,100,100,4.92,GL,1689094779
206,thompson,55.7435,-97.8558,20.09,49,40,6.17,CA,1689094658
207,westport,41.1415,-73.3579,31.77,57,0,0.45,US,1689094470
208,castro,-24.7911,-50.0119,23.61,58,20,4.32,BR,1689094602
209,shubarkuduk,49.1447,56.4872,32.16,32,99,7.82,KZ,1689094970
210,purpe,64.4803,76.6897,14.18,47,0,2.45,RU,1689094971
211,ahipara,-35.1667,173.1667,11.01,76,58,5.01,NZ,1689094612
212,kutum,14.2,24.6667,22.79,67,97,7.4,SD,1689094971
213,bucerias,20.75,-105.3333,32.21,66,75,0.0,MX,1689094972
214,zabid,14.1951,43.3152,33.46,50,66,6.99,YE,1689094973
215,katherine,-14.4667,132.2667,18.18,59,66,2.57,AU,1689094778
216,santa cruz,-17.8,-63.1667,28.7,69,75,10.8,BO,1689094828
217,port hardy,50.6996,-127.4199,12.1,100,100,2.57,CA,1689094974
218,mabaruma,8.2,-59.7833,31.29,61,19,2.86,GY,1689094976
219,wamba,8.9333,8.6,28.46,71,54,2.21,NG,1689094976
220,yulara,-25.2406,130.9889,9.76,56,0,3.96,AU,1689094705
221,praia,14.9215,-23.5087,30.3,58,20,3.6,CV,1689094590
222,okakarara,-20.5833,17.4333,12.18,23,1,6.67,NA,1689094978
223,kiknur,57.3034,47.2011,11.52,97,99,4.09,RU,1689094979
224,nuwara eliya,6.9708,80.7829,13.4,88,100,2.18,LK,1689094979
225,husavik,66.0449,-17.3389,6.59,81,42,4.47,IS,1689094752
226,morros,-9.4467,-46.3003,35.24,23,5,2.94,BR,1689094980
227,san jose,37.3394,-121.895,29.9,54,20,1.54,US,1689094435
228,broome,42.2506,-75.833,29.55,54,0,3.09,US,1689094981
229,skelleftea,64.7507,20.9528,23.89,46,0,4.63,SE,1689094981
230,linqiong,30.4159,103.4609,26.9,90,100,1.11,CN,1689094983
231,ugoofaaru,5.6667,73.0,28.02,77,82,5.32,MV,1689094984
232,fukuma,33.7667,130.4667,28.0,91,84,2.79,JP,1689094984
233,hohhot,40.8106,111.6522,26.16,47,20,4.0,CN,1689094809
234,nizwa,22.9333,57.5333,36.04,29,85,2.65,OM,1689094985
235,cumpas,29.9833,-109.7833,30.53,46,32,0.69,MX,1689094986
236,beringovskiy,63.05,179.3167,9.44,78,100,4.3,RU,1689094987
237,saraza,8.7356,117.78,26.09,85,100,2.09,PH,1689094988
238,opuwo,-18.0607,13.84,15.25,13,0,6.11,NA,1689094988
239,atuona,-9.8,-139.0333,25.88,77,35,11.03,PF,1689094618
240,saint george,37.1041,-113.5841,35.79,24,0,0.89,US,1689094739
241,imbituba,-28.24,-48.6703,19.36,95,100,1.72,BR,1689094990
242,dauphin,51.1494,-100.0502,18.08,63,0,1.54,CA,1689094990
243,dunedin,-45.8742,170.5036,7.67,71,72,7.89,NZ,1689094962
244,alekseyevka,50.6309,38.6903,15.03,85,90,4.08,RU,1689094992
245,tual,-5.6667,132.75,26.51,86,99,8.39,ID,1689094993
246,roebourne,-20.7833,117.1333,20.11,30,2,4.42,AU,1689094993
247,padang,-0.9492,100.3543,25.03,88,100,1.65,ID,1689094994
248,plettenberg bay,-34.0527,23.3716,10.96,72,0,0.85,ZA,1689094771
249,pozo colorado,-23.4923,-58.7972,30.36,45,83,2.94,PY,1689094995
250,taoudenni,22.6783,-3.9836,46.02,6,13,6.33,ML,1689094996
251,aku,6.7081,7.3167,29.04,89,85,2.65,NG,1689094996
252,ilulissat,69.2167,-51.1,3.98,97,100,3.24,GL,1689094762
253,saldus,56.6636,22.4881,20.85,50,84,1.21,LV,1689094852
254,cahors,44.4167,1.3333,30.25,53,1,4.07,FR,1689094998
255,taramangalam,11.7,77.9833,23.51,92,97,1.06,IN,1689094998
256,nanortalik,60.1432,-45.2371,7.68,94,100,6.26,GL,1689094781
257,eureka,40.8021,-124.1637,14.34,92,20,1.34,US,1689094999
258,loksa,59.5764,25.7214,17.11,55,97,1.33,EE,1689095000
259,lafia,8.4833,8.5167,29.15,71,86,3.14,NG,1689095001
260,capaci,38.1711,13.2393,31.25,75,0,3.6,IT,1689095007
261,norrtalje,59.758,18.705,20.24,52,0,4.02,SE,1689094871
262,half moon bay,37.4636,-122.4286,28.66,78,100,3.6,US,1689094806
263,samdari,25.8167,72.5833,28.9,77,74,2.89,IN,1689095014
264,zaysan,47.4667,84.8667,19.41,38,31,4.48,KZ,1689094623
265,mildura,-34.2,142.15,10.04,80,0,2.84,AU,1689095020
266,isangel,-19.55,169.2667,21.22,67,77,6.53,VU,1689094692
267,tura,25.5198,90.2201,24.16,96,99,3.43,IN,1689095022
268,chistogorskiy,53.9835,87.3843,17.24,93,79,0.67,RU,1689095022
269,namibe,-15.1961,12.1522,23.75,44,0,1.32,AO,1689095023
270,viet tri,21.3019,105.4308,26.97,78,21,3.16,VN,1689095023
271,tessalit,20.1986,1.0114,41.74,7,49,9.27,ML,1689094635
272,sanchez,19.2281,-69.6137,32.01,74,75,5.14,DO,1689095024
273,toba tek singh,30.9743,72.4827,37.33,36,0,1.92,PK,1689095024
274,kudahuvadhoo,2.6708,72.8944,27.93,72,29,2.76,MV,1689094645
275,nouadhibou,20.931,-17.0347,20.14,94,10,5.37,MR,1689094661
276,san carlos de bariloche,-41.1456,-71.3082,4.58,75,75,4.12,AR,1689094729
277,araouane,18.9048,-3.5265,41.9,12,35,0.92,ML,1689095027
278,riyadh,24.6877,46.7219,43.08,8,0,2.5,SA,1689094857
279,narsaq,60.9167,-46.05,20.12,73,100,2.26,GL,1689095028
280,poltavka,54.3663,71.7632,27.63,40,36,1.11,RU,1689095029
281,neryungri,56.6709,124.6491,15.57,72,45,2.65,RU,1689095030
282,lazaro cardenas,17.9583,-102.2,31.18,55,96,1.4,MX,1689094859
283,olinda,-8.0089,-34.8553,27.85,74,40,6.17,BR,1689094862
284,gandajika,-6.75,23.95,28.0,30,13,2.07,CD,1689095032
285,khuzdar,27.7384,66.6434,32.13,33,36,3.34,PK,1689095032
286,natal,-5.795,-35.2094,30.12,58,20,8.23,BR,1689095033
287,orange,33.7,-117.7675,33.63,68,20,1.54,US,1689095033
288,lahij,13.1667,44.5833,35.01,40,10,1.96,YE,1689095033
289,beaumont,30.0861,-94.1019,33.99,63,100,4.12,US,1689094676
290,baker city,44.7749,-117.8344,19.77,53,0,2.37,US,1689094806
291,kodumudi,11.0775,77.8836,26.01,82,100,2.91,IN,1689095035
292,codrington,-38.2667,141.9667,8.69,89,84,4.89,AU,1689095040
293,luderitz,-26.6481,15.1594,20.83,25,0,3.68,NA,1689095026
294,hasaki,35.7333,140.8333,25.22,92,0,1.46,JP,1689094634
295,arak,34.0917,49.6892,27.01,17,0,3.47,IR,1689094834
296,viedma,-40.8135,-62.9967,9.49,50,41,1.75,AR,1689095043
297,vung tau,10.346,107.0843,27.91,82,88,5.25,VN,1689095043
298,samarai,-10.6167,150.6667,25.51,85,62,7.81,PG,1689095044
299,sao felix do xingu,-6.6447,-51.995,34.86,34,15,2.6,BR,1689094856
300,itarema,-2.9248,-39.9167,30.34,55,1,7.89,BR,1689095045
301,nsanje,-16.92,35.262,17.66,64,3,5.05,MW,1689095045
302,benalla,-36.55,145.9833,8.5,94,27,1.51,AU,1689095046
303,jefferson city,38.5767,-92.1735,33.84,44,0,4.63,US,1689094546
304,alcaniz,41.05,-0.1333,37.49,29,48,3.54,ES,1689095047
305,kununurra,-15.7667,128.7333,20.99,52,25,2.57,AU,1689094778
306,guerrero negro,27.9769,-114.0611,26.83,45,95,1.95,MX,1689094763
307,newtownards,54.5924,-5.6909,18.07,70,100,2.06,GB,1689095049
308,saint-louis,16.3333,-15.0,35.81,32,85,4.8,SN,1689094650
309,nanakuli,21.3906,-158.1547,23.97,83,20,2.06,US,1689095050
310,syracuse,37.0881,15.2792,30.73,63,0,2.64,IT,1689095003
311,beloha,-25.1667,45.05,19.01,70,68,6.43,MG,1689095051
312,andilamena,-17.0167,48.5833,15.76,96,54,1.98,MG,1689095052
313,sao geraldo do araguaia,-6.4006,-48.555,35.53,32,24,1.95,BR,1689094927
314,lompoc,34.6391,-120.4579,24.36,100,100,0.0,US,1689094722
315,comodoro rivadavia,-45.8667,-67.5,4.92,60,20,3.09,AR,1689095043
316,platanos,37.6667,21.6167,30.87,55,0,1.94,GR,1689095054
317,ushtobe,45.2514,77.9838,23.93,24,0,4.67,KZ,1689095055
318,biu,10.6129,12.1946,30.14,46,79,1.83,NG,1689095055
319,verkhnyaya inta,65.9811,60.3094,12.76,66,100,2.33,RU,1689095056
320,college,64.8569,-147.8028,18.1,68,75,2.57,US,1689095056
321,diu,20.7141,70.9822,27.46,86,100,5.98,IN,1689095057
322,nha trang,12.25,109.1833,28.0,96,51,1.39,VN,1689094832
323,steinbach,50.1667,8.5667,35.62,30,0,5.14,DE,1689095059
324,ambilobe,-13.2,49.05,23.16,84,97,0.75,MG,1689095060
325,bom jesus,-9.0744,-44.3586,37.36,21,7,2.69,BR,1689095061
326,deputatskiy,69.3,139.9,12.53,68,49,1.87,RU,1689095061
327,mujiayingzi,42.1167,118.7833,20.68,80,100,1.8,CN,1689095062
328,kjollefjord,70.9457,27.3465,15.9,72,0,1.03,NO,1689095067
329,vredendal,-31.6683,18.5012,13.79,39,0,4.63,ZA,1689094604
330,grimshaw,56.1834,-117.6027,18.79,77,75,3.6,CA,1689095068
331,conceicao do araguaia,-8.2578,-49.2647,35.04,31,27,3.52,BR,1689094930
332,mbandaka,0.0487,18.2603,23.09,86,100,1.71,CD,1689095069
333,coquimbo,-29.9533,-71.3436,17.85,59,0,1.03,CL,1689094716
334,la orilla,17.9833,-102.2333,30.91,56,96,1.3,MX,1689095071
335,beya,53.0533,90.9139,17.69,64,69,4.14,RU,1689095071
336,urusha,54.05,122.9,14.54,58,20,1.1,RU,1689095072
337,bafq,31.6128,55.4107,38.0,7,0,6.64,IR,1689095072
338,kaeo,-35.1,173.7833,10.44,93,16,2.94,NZ,1689095073
339,panzhihua,26.5851,101.7128,24.68,89,100,0.75,CN,1689094835
340,maine-soroa,13.2114,12.0241,37.63,25,80,2.73,NE,1689095074
341,taltal,-25.4,-70.4833,16.65,66,86,2.54,CL,1689095074
342,payson,40.0444,-111.7321,31.62,24,0,3.58,US,1689094861
343,whyalla,-33.0333,137.5833,11.22,67,0,3.35,AU,1689095075
344,preeceville,51.95,-102.6677,17.14,50,83,3.17,CA,1689095076
345,port-cartier,50.0334,-66.8654,16.12,98,100,10.18,CA,1689095076
346,atar,20.5169,-13.0499,40.21,21,9,5.63,MR,1689094681
347,cortez,37.3489,-108.5859,30.02,22,0,2.06,US,1689095077
348,east hemet,33.74,-116.9389,35.11,24,0,1.34,US,1689095078
349,lavrentiya,65.5833,-171.0,8.12,87,25,0.8,RU,1689094653
350,walvis bay,-22.9575,14.5053,17.96,40,0,4.92,NA,1689095079
351,nigde,37.8333,34.75,16.07,45,0,4.26,TR,1689095079
352,starkville,33.4504,-88.8184,30.8,70,0,1.14,US,1689094873
353,zabaykalsk,49.6333,117.3167,17.28,52,36,2.17,RU,1689095080
354,abha,18.2164,42.5053,24.9,53,40,3.09,SA,1689094935
355,kimbe,-5.5502,150.1429,24.18,89,62,2.55,PG,1689095081
356,harur,12.0667,78.5,24.31,85,99,3.75,IN,1689095081
357,aranos,-24.1333,19.1167,10.35,29,35,5.82,NA,1689095082
358,monteiro,-7.8894,-37.12,30.69,36,10,4.85,BR,1689095082
359,kavaratti,10.5669,72.642,28.44,75,100,6.79,IN,1689094636
360,traverse city,44.7631,-85.6206,22.69,53,40,3.13,US,1689095032
361,aksarka,66.5606,67.7975,12.05,58,0,3.42,RU,1689095084
362,simbahan,6.3032,120.5836,28.15,79,97,5.01,PH,1689095085
363,hemsedal,60.8629,8.5534,13.98,85,100,4.99,NO,1689095085
364,springdale,36.1867,-94.1288,30.03,73,0,2.06,US,1689095070
365,arman,59.7,150.1667,8.9,75,59,1.67,RU,1689095086
366,boyuibe,-20.4167,-63.2833,21.77,78,100,1.92,BO,1689095087
367,porto santo,33.072,-16.3415,24.21,69,20,6.17,PT,1689095087
368,greensburg,40.3015,-79.5389,28.78,57,40,3.6,US,1689094952
369,baykit,61.67,96.37,9.54,87,29,1.69,RU,1689095088
370,kalmunai,7.4167,81.8167,27.77,80,100,1.18,LK,1689094756
371,rafaela,-31.2503,-61.4867,15.0,70,86,3.13,AR,1689095089
372,brae,60.3964,-1.353,14.3,88,100,4.62,GB,1689095089
373,lalsk,60.7415,47.5862,13.89,86,100,6.1,RU,1689095090
374,karpathos,35.507,27.2132,27.98,54,0,9.26,GR,1689095015
375,ca mau,9.1769,105.15,25.74,88,59,1.82,VN,1689095091
376,sorland,67.667,12.6934,12.92,83,56,2.94,NO,1689095091
377,ritchie,-29.038,24.6028,11.56,28,0,1.85,ZA,1689095092
378,key west,24.5557,-81.7826,32.78,62,46,3.58,US,1689094842
379,korla,41.7597,86.1469,21.57,66,100,6.76,CN,1689095092
380,santiago,-33.4569,-70.6483,14.63,76,100,2.57,CL,1689095050
381,stargard szczecinski,53.3367,15.0499,28.4,25,91,2.09,PL,1689095093
382,mehran,33.1222,46.1646,38.27,12,0,6.82,IR,1689095094
383,batemans bay,-35.7167,150.1833,11.72,69,41,1.91,AU,1689095095
384,bonthe,7.5264,-12.505,26.18,82,95,4.79,SL,1689095095
385,cherskiy,68.75,161.3,9.53,63,93,2.69,RU,1689094626
386,slave lake,55.2834,-114.769,15.99,77,0,2.57,CA,1689095096
387,sretensk,52.2453,117.7093,19.4,51,98,0.94,RU,1689095096
388,dudinka,69.4058,86.1778,8.68,63,100,3.88,RU,1689095097
389,havoysund,70.9963,24.6622,15.13,73,100,2.08,NO,1689095097
390,moindou,-21.6924,165.677,17.73,71,9,2.89,NC,1689095098
391,shimoda,34.6667,138.95,25.61,93,9,6.1,JP,1689095098
392,nizhniy kuranakh,58.8353,125.4869,19.63,63,94,2.1,RU,1689095099
393,filadelfia,39.9523,-75.1638,31.49,43,20,3.6,US,1689094513
394,acapulco,16.8634,-99.8901,31.38,61,80,1.88,MX,1689094891
395,lubango,-14.9172,13.4925,16.92,20,0,3.6,AO,1689095100
396,pinar del rio,22.4175,-83.6981,35.73,42,46,2.36,CU,1689095100
397,central point,42.376,-122.9164,23.24,49,0,0.45,US,1689095101
398,ola,59.5833,151.2833,8.97,75,96,1.68,RU,1689094772
399,wilmington,34.2257,-77.9447,32.22,62,0,0.89,US,1689094819
400,hami,42.8,93.45,25.49,25,80,3.28,CN,1689094642
401,zhuzhou,27.8333,113.15,31.07,66,30,2.42,CN,1689095103
402,kieta,-6.2167,155.6333,25.33,85,76,4.25,PG,1689094617
403,turukhansk,65.8167,87.9833,10.73,64,28,3.27,RU,1689095104
404,san patricio,28.017,-97.5169,35.4,46,0,5.83,US,1689094646
405,vilhena,-12.7406,-60.1458,32.12,25,20,5.14,BR,1689094978
406,mana,5.6592,-53.7767,29.41,67,21,4.89,GF,1689095105
407,vao,-22.6667,167.4833,19.98,56,31,6.73,NC,1689095106
408,kyabe,9.4515,18.9449,27.35,69,24,1.66,TD,1689095107
409,vila franca do campo,37.7167,-25.4333,24.23,88,100,1.89,PT,1689094876
410,praya,14.9215,-23.5087,30.3,58,20,3.6,CV,1689095108
411,tuatapere,-46.1333,167.6833,4.54,82,93,6.89,NZ,1689094647
412,magistralnyy,56.1725,107.4458,15.05,89,77,1.67,RU,1689095109
413,diapaga,12.0708,1.7889,35.52,36,16,1.31,BF,1689095110
414,nicolas bravo,18.45,-88.9167,32.72,55,45,3.57,MX,1689095110
415,roquetas de mar,36.7642,-2.6148,30.9,72,35,4.37,ES,1689095111
416,mackay,-21.15,149.2,17.05,73,71,5.22,AU,1689095111
417,kahului,20.8947,-156.47,26.01,74,40,6.17,US,1689095002
418,chikwawa,-16.0335,34.8009,18.51,56,8,5.09,MW,1689095112
419,ambon,-3.6954,128.1814,25.08,94,40,3.09,ID,1689095048
420,gat,31.61,34.7642,29.67,100,0,4.92,IL,1689095113
421,hinton,53.4001,-117.5857,20.45,62,100,0.84,CA,1689094863
422,olafsvik,64.8945,-23.7142,12.47,63,1,3.38,IS,1689095114
423,lakatoro,-16.0999,167.4164,21.83,68,86,5.98,VU,1689095115
424,vila,42.0304,-8.1588,22.06,64,62,3.02,PT,1689095115
425,polgar,47.8667,21.1167,27.2,57,17,2.88,HU,1689095116
426,baghdad,33.3406,44.4009,37.95,16,0,4.63,IQ,1689095116
427,elliot lake,46.3834,-82.6331,22.53,33,5,4.23,CA,1689095039
428,vallenar,-28.5708,-70.7581,18.67,39,0,4.58,CL,1689095117
429,margate,51.3813,1.3862,19.93,70,99,3.58,GB,1689094949
430,beidao,34.5686,105.8933,23.77,88,100,0.63,CN,1689095119
431,flinders,-34.5833,150.8552,9.58,80,0,0.89,AU,1689094687
432,chakia,26.4167,85.05,33.03,62,100,2.78,IN,1689095119
433,richards bay,-28.783,32.0377,17.33,74,96,5.98,ZA,1689095120
434,kodinsk,58.6881,99.1844,14.24,97,89,2.58,RU,1689095121
435,keti bandar,24.1447,67.4497,28.92,77,34,7.21,PK,1689095121
436,kostomuksha,64.571,30.5767,19.06,46,12,2.36,RU,1689095121
437,kailua,21.4022,-157.7394,23.99,87,51,2.24,US,1689095122
438,ust-uda,54.1742,103.0304,16.68,82,35,1.02,RU,1689095122
439,moose factory,51.2585,-80.6094,18.0,55,40,7.2,CA,1689094648
440,phalombe,-15.8064,35.6507,15.88,62,71,3.01,MW,1689095123
441,port macquarie,-31.4333,152.9167,9.38,80,3,2.77,AU,1689095124
442,mount gambier,-37.8333,140.7667,8.58,91,91,3.52,AU,1689094770
443,marzuq,14.4,46.4667,31.08,39,60,2.1,YE,1689095125
444,shakawe,-18.3667,21.85,11.71,33,1,2.87,BW,1689095125
445,pilot butte,50.4668,-104.4178,16.48,55,75,5.14,CA,1689095126
446,gao,16.6362,1.637,40.51,13,68,1.63,ML,1689095126
447,kysyl-syr,63.8986,122.7617,17.23,96,67,2.82,RU,1689095127
448,rocha,-34.4833,-54.3333,11.88,55,56,4.54,UY,1689094767
449,lashio,22.9333,97.75,21.04,97,100,0.63,MM,1689095129
450,maningrida,-12.0667,134.2667,20.08,86,98,4.46,AU,1689095129
451,batesville,35.7698,-91.641,28.93,67,0,0.89,US,1689094598
452,ponta delgada,37.7333,-25.6667,24.4,88,40,3.6,PT,1689095130
453,port hedland,-20.3167,118.5667,17.03,29,9,4.12,AU,1689095131
454,buncrana,55.1333,-7.45,16.87,87,100,5.85,IE,1689094499
455,naberera,-4.2,36.9333,18.84,62,21,5.83,TZ,1689095132
456,cairns,-16.9167,145.7667,21.97,83,40,4.12,AU,1689094934
457,qingdao,36.0986,120.3719,26.78,94,0,2.0,CN,1689094884
458,konskie,51.1917,20.4061,22.91,55,88,2.34,PL,1689095136
459,bud,39.447,-86.1758,29.11,58,0,5.21,US,1689095147
460,melbu,68.5044,14.8297,18.88,77,0,2.06,NO,1689095147
461,tromso,69.6496,18.957,21.01,52,20,5.66,NO,1689095148
462,dwarka,22.2394,68.9678,28.65,79,100,6.55,IN,1689094617
463,eston,51.1501,-108.7514,14.9,59,100,5.92,CA,1689095149
464,chulman,56.8479,124.9104,16.28,69,50,2.39,RU,1689095149
465,greytown,-29.0642,30.5928,6.12,87,9,1.0,ZA,1689095150
466,broken hill,-31.95,141.4333,8.49,71,0,2.74,AU,1689094729
467,sulphur,30.2366,-93.3774,33.99,69,40,6.17,US,1689095151
468,ati,13.2154,18.3353,35.18,32,58,1.96,TD,1689094951
469,zhangye,38.9342,100.4517,15.61,85,100,0.9,CN,1689095091
470,pochutla,15.7432,-96.4661,33.23,60,75,2.45,MX,1689095154
471,jardim,-21.4803,-56.1381,26.9,39,78,2.74,BR,1689094794
472,ust-nera,64.5667,143.2,13.39,72,18,1.83,RU,1689095154
473,milkovo,54.7167,158.6167,11.28,98,89,0.67,RU,1689094676
474,san quintin,30.4833,-115.95,23.56,58,0,3.38,MX,1689095155
475,naryan-mar,67.6713,53.087,9.13,69,11,4.48,RU,1689094764
476,hervey bay,-25.2986,152.8535,15.72,77,7,3.23,AU,1689095156
477,rio gallegos,-51.6226,-69.2181,0.03,93,75,0.51,AR,1689094724
478,karratha,-20.7377,116.8463,20.04,30,3,4.14,AU,1689094769
479,benguela,-12.5763,13.4055,21.77,79,29,2.06,AO,1689094625
480,salalah,17.0151,54.0924,27.53,83,85,3.16,OM,1689095158
481,mitu,1.1983,-70.1733,31.67,52,10,1.65,CO,1689095158
482,makaha,21.4694,-158.2175,23.95,88,75,2.06,US,1689095159
483,malbork,54.0359,19.0266,24.93,53,40,4.3,PL,1689094726
484,bagdarin,54.4333,113.6,13.49,95,48,0.82,RU,1689095160
485,nyahururu,0.0421,36.3673,13.84,62,87,1.38,KE,1689095161
486,gwadar,25.1216,62.3254,28.13,79,22,4.74,PK,1689095162
487,canutama,-6.5339,-64.3831,36.68,27,0,1.64,BR,1689095162
488,hornepayne,49.2138,-84.7705,14.19,53,82,4.37,CA,1689095163
489,ponta do sol,32.6667,-17.1,28.17,71,0,1.8,PT,1689094671
490,roald,62.5833,6.1333,18.84,88,40,6.69,NO,1689095163
491,saint-joseph,-21.3667,55.6167,20.21,77,35,0.58,RE,1689095164
492,bloemfontein,-29.1211,26.214,8.71,25,0,0.0,ZA,1689095165
493,nishihara,26.1842,127.7558,28.6,84,20,4.63,JP,1689095165
494,truth or consequences,33.1284,-107.2528,35.13,26,0,1.54,US,1689095129
495,waingapu,-9.6567,120.2641,23.1,85,80,3.08,ID,1689095166
496,ciudad ojeda,10.1964,-71.3082,31.95,58,23,3.45,VE,1689095167
497,townsville,-19.25,146.8,15.49,94,16,2.06,AU,1689094991
498,medea,36.2642,2.7539,33.23,20,79,1.84,DZ,1689095168
499,porto tolle,44.9497,12.3245,28.25,70,0,2.61,IT,1689095168
500,moen,69.1304,18.6123,27.7,41,20,3.09,NO,1689095169
501,todos santos,23.45,-110.2167,28.02,82,67,3.35,MX,1689095169
502,puerto del rosario,28.5004,-13.8627,27.86,61,0,7.2,ES,1689095170
503,jiangkou,25.4872,119.1986,25.75,92,25,2.78,CN,1689095171
504,leningradskiy,69.3833,178.4167,4.82,83,72,3.77,RU,1689095171
505,tukrah,32.5341,20.5791,26.5,63,0,7.98,LY,1689095172
506,humaita,-7.5061,-63.0208,37.1,24,0,1.7,BR,1689095172
507,tocantins,-10.5,-48.0,31.16,31,37,2.12,BR,1689095173
508,hot springs,34.5037,-93.0552,26.17,94,75,3.09,US,1689094819
509,sitka,57.0531,-135.33,11.94,71,100,3.6,US,1689094758
510,atherton,53.5237,-2.4935,19.03,75,88,3.58,GB,1689095175
511,vardo,70.3705,31.1107,12.99,76,0,1.54,NO,1689095016
512,hattiesburg,31.3271,-89.2903,32.9,66,0,3.09,US,1689095015
513,maceio,-9.6658,-35.7353,27.69,69,75,5.66,BR,1689095177
514,novoraychikhinsk,49.7798,129.594,15.95,63,0,1.98,RU,1689095177
515,karimnagar,18.4333,79.15,24.41,88,100,1.27,IN,1689095178
516,ancud,-41.8697,-73.8203,7.15,70,61,2.73,CL,1689094699
517,inirida,3.8653,-67.9239,31.88,57,18,1.57,CO,1689095179
518,barcelos,41.5388,-8.6151,27.18,63,70,4.74,PT,1689095180
519,matata,-37.8833,176.75,10.4,82,34,4.45,NZ,1689095180
520,bandar-e lengeh,26.5579,54.8807,34.06,66,1,2.06,IR,1689095181
521,la ronge,55.1001,-105.2842,18.12,55,20,3.09,CA,1689094796
522,lunenburg,44.3835,-64.3155,19.71,99,100,4.63,CA,1689095181
523,grand gaube,-20.0064,57.6608,21.88,72,2,3.95,MU,1689095182
524,aklavik,68.2191,-135.0107,21.14,61,87,4.82,CA,1689095183
525,tilichiki,60.4667,166.1,8.1,90,100,2.94,RU,1689095183
526,zhuhai,22.2769,113.5678,31.03,84,40,6.17,CN,1689095184
527,nuevo progreso,23.1667,-97.95,33.27,49,8,2.24,MX,1689095184
528,bolgatanga,10.7856,-0.8514,35.16,37,28,3.29,GH,1689095185
529,torrington,41.8007,-73.1212,29.83,62,1,0.89,US,1689095185
530,lodwar,3.1191,35.5973,32.43,31,28,3.68,KE,1689095065
531,khargone,21.8167,75.6,26.64,85,100,5.36,IN,1689094771
532,touba,8.2833,-7.6833,22.71,95,99,0.37,CI,1689095187
533,fairbanks,64.8378,-147.7164,17.0,71,75,1.54,US,1689094529
534,rutul,41.5357,47.4239,15.02,88,82,1.99,RU,1689095188
535,arroio grande,-32.2375,-53.0869,13.84,62,94,4.86,BR,1689095086
536,lata,40.1629,-8.3327,23.37,46,24,5.4,PT,1689094672
537,shieli,44.1667,66.75,32.83,17,0,6.31,KZ,1689095190
538,baruun-urt,46.6806,113.2792,18.87,76,87,0.69,MN,1689095191
539,tabou,4.423,-7.3528,25.49,83,80,4.61,CI,1689095192
540,witu,-2.3889,40.4382,25.09,83,66,5.34,KE,1689095195
541,madimba,-10.4,40.3333,24.62,73,20,5.14,TZ,1689095196
542,big rapids,43.6981,-85.4837,22.05,78,100,4.63,US,1689095196
543,henties bay,-22.116,14.2845,17.42,42,0,3.86,NA,1689095197
544,winnemucca,40.973,-117.7357,27.03,16,0,2.57,US,1689095131
545,evensk,61.95,159.2333,10.0,86,100,3.74,RU,1689095198
546,mirante do paranapanema,-22.2919,-51.9064,29.47,33,17,5.31,BR,1689095199
547,bilibino,68.0546,166.4372,11.99,76,79,0.9,RU,1689095199
548,tieli,46.95,128.05,16.74,87,32,1.16,CN,1689095200
549,tamandare,-8.7597,-35.1047,26.08,77,48,4.43,BR,1689095201
550,hirara,24.8,125.2833,28.96,81,26,5.87,JP,1689095201
551,cedar falls,42.5278,-92.4455,26.77,58,0,2.06,US,1689095128
552,tema,5.667,-0.0166,26.58,75,74,6.41,GH,1689095202
553,cerritos,33.8583,-118.0648,32.63,71,40,1.54,US,1689094915
554,fort nelson,58.8053,-122.7002,21.14,74,94,0.79,CA,1689095203
555,vieques,18.425,-65.8329,32.26,77,40,8.23,PR,1689095203
556,katangli,51.7102,143.2326,12.26,79,58,1.86,RU,1689095204
557,londiani,-0.165,35.5909,13.09,85,94,1.23,KE,1689095204
558,adrar,20.5022,-10.0711,40.81,16,38,4.76,MR,1689094758
559,abu dhabi,24.4667,54.3667,36.06,66,12,3.09,AE,1689095192
560,ucluelet,48.9329,-125.5528,15.05,82,100,0.45,CA,1689095206
561,vestmanna,62.1564,-7.1664,11.51,94,100,3.6,FO,1689095206
562,cedar city,37.6775,-113.0619,28.55,28,0,5.14,US,1689094931
563,salinopolis,-0.6136,-47.3561,28.61,69,86,5.05,BR,1689094618
564,mont-de-marsan,44.0,-0.6667,27.55,70,100,5.66,FR,1689095208
565,aldan,58.6031,125.3894,18.51,60,86,4.05,RU,1689094952
566,labuhan,-6.8844,112.2051,24.72,78,49,2.3,ID,1689095209
567,durazno,-33.4131,-56.5006,13.69,52,23,6.89,UY,1689094954
568,burns lake,54.2331,-125.7533,20.31,44,30,1.91,CA,1689095210
569,namatanai,-3.6667,152.4333,25.88,86,86,3.08,PG,1689094760
570,bac lieu,9.285,105.7244,26.73,85,88,3.64,VN,1689095216
571,zhigansk,66.7697,123.3711,14.67,91,100,5.79,RU,1689095216
572,awbari,26.5921,12.7805,36.22,12,0,7.68,LY,1689095217
573,udachnyy,66.4167,112.4,11.66,89,85,8.32,RU,1689094961
574,pacific grove,36.6177,-121.9166,19.34,92,100,4.02,US,1689095218
575,basco,20.4487,121.9702,29.44,76,74,7.16,PH,1689095218
576,ketchikan,55.3422,-131.6461,13.26,88,100,2.57,US,1689095219
577,aurora,39.7294,-104.8319,33.31,23,20,3.6,US,1689095088
578,ostrogozhsk,50.8664,39.0756,14.82,88,83,3.97,RU,1689095220
579,teano,41.2513,14.0665,32.74,51,0,2.08,IT,1689095221
580,braintree,51.8782,0.5529,21.44,63,100,3.58,GB,1689095221
581,lander,42.833,-108.7307,28.22,34,0,4.63,US,1689095222
582,balkanabat,39.5108,54.3671,33.72,38,0,6.57,TM,1689095223
